,user_id,id,uri,title,price,content,imgs,refresh,category,beds,livings,wc,area,type,street_width,age,last_update,street_direction,ketchen,ac,furnished,location,path,user,native,rent_period,city,district,width,length,advertiser_type,create_time,__typename
0,917665,4409364,شارع-وادي-السرح-حي-الخالدية-الرياض-الرياض-4409364,شقة للبيع في شارع وادي السرح ، حي الخالدية ، الرياض ، الرياض,220000,"جديد لم يسكن من ٥ سنوات
٢ غرفة 
٢ حمام 
٢ منور كمستودع صغير
مطبخ وصالة 
عداد الكهرباء مستقل
صك مستقل الافراغ فوري
يوجد ٥ شقق مثل بعض
هذه الشقة للعرض فقط والبيع لمثلها","['009176652_1654896405651.jpg', '009176656_1654896405671.jpg', '009176659_1654896405648.jpg', '009176650_1654896405655.jpg', '009176654_1654896405662.jpg', '009176653_1654896405819.jpg', '009176650_1654896405831.jpg', '009176657_1654896405840.jpg', '009176655_1654896405850.jpg']",1660211997,6,2,1,2,75,,20.0,6.0,1660211997,2,0,,0,"{'lat': 24.616873, 'lng': 46.758713, '__typename': 'Location'}",/شقق-للبيع/الرياض/وسط-الرياض/حي-الخالدية/شارع-وادي-السرح-حي-الخالدية-الرياض-الرياض-4409364,"{'review': 5, 'img': None, 'name': 'عبدالله محمد الدبيخي ', 'phone': 0, 'iam_verified': True, 'rega_id': None, '__typename': 'ListingUser'}",,,الرياض,حي الخالدية,8.0,9.0,owner,1654896569,ElasticWebListing
1,189807,3155707,حي-شارع-ابن-دواس-حي-المنصورة-الرياض-الرياض-3155707,شقة للبيع في حي ، شارع ابن دواس ، حي المنصورة ، الرياض ، الرياض,420000,شقه مكونه من 3 غرف وصاله ومطبخ و2 دورات مياه مع السطح في فله وليس مجمع شقق خزانات مياه مستقله مع دينمو مستقل وعدا. كهربا مستقل بصك مستقل قريبه من الخدمات والشارع الرئيسي,"['001898073_1647449153097.jpg', '001898072_1649194712858.jpg', '001898075_1649194712854.jpg', '001898072_1649194712870.jpg', '001898072_1649194712976.jpg', '001898078_1649194712984.jpg', '001898070_1649194712987.jpg', '001898070_1649194712993.jpg', '001898072_1649194713113.jpg', '001898075_1649194713115.jpg']",1655995384,6,3,1,2,105,,15.0,0.0,1655995384,4,1,,0,"{'lat': 24.612467, 'lng': 46.746884, '__typename': 'Location'}",/شقق-للبيع/الرياض/وسط-الرياض/حي-المنصورة/حي-شارع-ابن-دواس-حي-المنصورة-الرياض-الرياض-3155707,"{'review': 4.61, 'img': '507160707_1508317833072.jpg', 'name': 'مؤسسة بناء الاجداد العقارية', 'phone': 0, 'iam_verified': True, 'rega_id': None, '__typename': 'ListingUser'}",,,الرياض,حي المنصورة,,,exclusive_marketer,1619290644,ElasticWebListing
2,1792413,4438598,شارع-الامام-تركي-بن-عبدالله-بن-محمد-حي-الديرة-الرياض-الرياض-4438598,شقة للبيع في شارع الامام تركي بن عبدالله بن محمد ، حي الديرة ، الرياض ، الرياض,141000,"السلام عليكم 
اعرض لكم عدد 5 شقق في حي الديره شارع الامام تركي بن عبدالله بن محمد مقابل سوق المعيقليه بمساحات مختلفه تبدأ من 80 حتى 121 متر مربع 
شقه رقم 20 بمساحه 80 متر مربع السعر 141,000 الف ريال 
شقه رقم 16 بمساحه 109 متر مربع السعر 194,000 الف ريال
شقة رقم 19 بمساحه 106 متر مربع السعر 189,000 الف ريال
شقه رقم 18 بمساحه 87 متر مربع السعر 155,000 الف ريال 
شقه رقم 17 بمساحه 121 متر مربع السعر 215,000 الف ريال","['017924138_1655559271902.jpg', '017924135_1655559271900.jpg', '017924137_1655559271902.jpg', '017924132_1655559271900.jpg', '017924138_1655559271925.jpg', '017924130_1655559271903.jpg', '017924136_1657973838415.jpg']",1659596751,6,4,1,2,80,,6.0,15.0,1659957807,7,1,,0,"{'lat': 24.631554, 'lng': 46.707855, '__typename': 'Location'}",/شقق-للبيع/الرياض/وسط-الرياض/حي-الديرة/شارع-الامام-تركي-بن-عبدالله-بن-محمد-حي-الديرة-الرياض-الرياض-4438598,"{'review': 5, 'img': None, 'name': 'Faisal', 'phone': 0, 'iam_verified': True, 'rega_id': None, '__typename': 'ListingUser'}",,,الرياض,حي الديرة,10.0,8.0,agent,1655560028,ElasticWebListing
3,2042665,4179425,حي-الصوارى-جدة-جدة-4179425,شقة للبيع في حي الصوارى ، جدة ، جدة,850000,"شق ق فاخرة للتمليك ابحر الشمالية 
حي الصواري

المساحة 232م :

6 غرف صاله كبيرة
5 دوارت مياه
مطبخ و مطبخ داخلي 
غرفة غسيل
غرفة خادمة 
غرفة سائق

المميزات /
موقف سيارة
خزان مستقل سفلي و علوي
سمارت هوم
كاميرات مراقبة

للاستفسار التواصل على الرقم

0533111176 / 0538444450","['020426654_1648375852358.jpg', '020426658_1648375852335.jpg', '020426654_1648375852336.jpg', '020426654_1648375852360.jpg', '020426654_1648375852345.jpg', '020426658_1648375852365.jpg', '020426659_1648375852351.jpg', '020426650_1648375912414.jpg', '020426658_1648375996221.jpg', '020426654_1648375996249.jpg', '020426657_1648375996231.jpg', '020426651_1648375996233.jpg']",0,6,6,1,5,232,,20.0,0.0,1660244991,1,1,,0,"{'lat': 21.787928, 'lng': 39.101654, '__typename': 'Location'}",/شقق-للبيع/جدة/شمال-جدة/حي-الصوارى/حي-الصوارى-جدة-جدة-4179425,"{'review': 5, 'img': '560929997_1649339217532.jpg', 'name': 'شركة اتحاد الماسة', 'phone': 0, 'iam_verified': True, 'rega_id': None, '__typename': 'ListingUser'}","{'logo': '001580685_1655234375387.jpg', 'title': 'شقق للبيع، أبحر الشمالية في تمليك الماسة', 'image': None, 'description': 'تملك منزل احلامك بأبحر الشمالية في تمليك الماسة, أناقة التصميم ورقي المكان', 'external_url': None, '__typename': 'WebNativeListing'}",,جدة,حي الصوارى,20.0,11.0,owner,1648376729,ElasticWebListing
4,971687,4449099,شارع-السليل-حي-ام-سليم-الرياض-الرياض-4449099,شقة للبيع في شارع السليل ، حي ام سليم ، الرياض ، الرياض,335878,"شقق للبيع ب مساحات مختلفه تشطيب راقي ادوار مختلفه
للتواصل أ / عهود 0504106051
أ / عبدالله 0544488896
أ/ انس 0533006179
أ / محمد 0554096150","['009716870_1655765957768.jpg', '009716872_1655765957813.jpg', '009716879_1655765957768.jpg', '009716873_1655765957805.jpg', '009716875_1655765957812.jpg', '009716875_1655765957804.jpg', '009716879_1655765957811.jpg', '009716878_1655765957799.jpg', '009716877_1655765985769.jpg', '009716873_1655765985775.jpg', '009716878_1655765985783.jpg', '009716879_1655765985752.jpg', '009716879_1655765985766.jpg', '009716878_1655765985785.jpg', '009716870_1655765985788.jpg', '009716878_1655765985775.jpg', '009716874_1655766004083.jpg', '009716879_1655766527454.jpg', '009716871_1655766527522.jpg', '009716873_1655766527482.jpg', '009716870_1655766527454.jpg', '009716872_1655766527482.jpg', '009716877_1655766527513.jpg', '009716876_1655766527450.jpg', '009716874_1655766527450.jpg', '009716871_1655766550621.jpg', '009716877_1655766550681.jpg', '009716877_1655766550668.jpg', '009716879_1655766550646.jpg', '009716878_1655766550643.jpg']",1660048391,6,3,1,2,119,,20.0,0.0,1660048391,6,1,,0,"{'lat': 24.63596, 'lng': 46.694862, '__typename': 'Location'}",/شقق-للبيع/الرياض/وسط-الرياض/حي-ام-سليم/شارع-السليل-حي-ام-سليم-الرياض-الرياض-4449099,"{'review': 4.67, 'img': '500051679_1641602095665.jpg', 'name': 'شركة محمد عبدالرحمن القاسم العقارية', 'phone': 0, 'iam_verified': True, 'rega_id': '7769347', '__typename': 'ListingUser'}",,,الرياض,حي ام سليم,10.0,11.0,agent,1655766433,ElasticWebListing
5,182786,4250316,طريق-الملك-فيصل-حي-المربع-الرياض-الرياض-4250316,شقة للبيع في طريق الملك فيصل ، حي المربع ، الرياض ، الرياض,650000,"شقه للبيع حي المربع مقسومه شقتين 
مؤجره ب 42000","['002391702_1650789444487.jpg', '002391704_1650789444531.jpg', '002391707_1650789444517.jpg', '002391700_1650789444546.jpg', '002391707_1650789444537.jpg', '002391700_1650789444547.jpg', '002391701_1650789444546.jpg', '002391706_1650789444554.jpg', '002391700_1650789473266.jpg', '002391702_1650789473276.jpg', '002391700_1650850310558.jpg', '002391704_1650850310567.jpg', '002391707_1650850310564.jpg', '002391705_1650850310562.jpg']",1660236114,6,5,1,4,172,,12.0,10.0,1660236114,2,1,,0,"{'lat': 24.659906, 'lng': 46.705166, '__typename': 'Location'}",/شقق-للبيع/الرياض/وسط-الرياض/حي-المربع/طريق-الملك-فيصل-حي-المربع-الرياض-الرياض-4250316,"{'review': 4.54, 'img': '', 'name': 'مكتب أعمال اليسر للعقارات', 'phone': 0, 'iam_verified': True, 'rega_id': None, '__typename': 'ListingUser'}",,,الرياض,حي المربع,,,exclusive_marketer,1650275746,ElasticWebListing
6,471572,4198201,شارع-الفرزدق-حي-العمل-الرياض-الرياض-4198201,شقة للبيع في شارع الفرزدق ، حي العمل ، الرياض ، الرياض,360000,"مكاتب للبيع
مبنى تجاري/ مكتبي  -  شارع الفرزدق - حي العمل
المميزات والمواصفات  :
* يوجد ارض تجارية مرخصة من البلدية صراف آلي سيار معروضة للإيجار للبنوك واجرتها توزع على جميع الملاك وهذه ميزة إضافية للملاك   * يوجد جمعية ملاك مرخصة من وزارة الإسكان للمحافظة على العقار   * المبنى يقع على أربع شوارع   * صكوك مستقلة   * قبو مواقف سيارات   * عداد كهرباء لكل مكتب * مصعد   * نظام مكافحة الحريق   * خزانات ماء كبيرة   * خدمة حراسة و نظافة  * مدارس بنين وبنات جميع المراحل   * يقع وسط أسواق الجملة لعدة سلع وخدمات   * تنوع في المساحات   * تنوع في نشاطات المستاجرين   * وغيرها كثيير
يتوسط المواقع الهامة التالية  :
شمالا : حي الملز حيث الوزارات و الدوائر الحكومية و الأهلية
جنوبا : سوق العدد ومواد البناء بشارع الريل ، أسواق البطحاء
غربا : سوق جملة الكهرباء ، سوق الغرابي لقطع غيار وزينة السيارات ، مجمعات البطحاء التجارية .
شرقا : الصناعية القديمة ، محطة القطار ، الميناء الجاف

أسعار البيع تبدأ من  360  ألف ريال صافي
الإيجارات من 25  إلى 45 ألف ريال سنوي
المساحات من  62 م2  إلى  84 م2
المالك المطور 0505475939  /  0542478434
رقم المعلن  3063573","['004715723_1648868251882.jpg', '004715727_1648868251885.jpg', '004715722_1648868251880.jpg', '004715720_1648868251879.jpg', '004715729_1648868251880.jpg', '004715721_1648868252003.jpg', '004715723_1648868252005.jpg', '004715721_1648868252011.jpg', '004715726_1648868252012.jpg', '004715727_1648868252138.jpg', '004715729_1648868252127.jpg', '004715724_1648868252153.jpg', '004715721_1648868252177.jpg', '004715721_1648868252265.jpg', '004715724_1648868252266.jpg']",1660012492,6,1,1,1,65,,30.0,7.0,1660012492,6,1,,0,"{'lat': 24.645315, 'lng': 46.724451, '__typename': 'Location'}",/شقق-للبيع/الرياض/وسط-الرياض/حي-العمل/شارع-الفرزدق-حي-العمل-الرياض-الرياض-4198201,"{'review': 4.66, 'img': None, 'name': 'مكتب مقبل عبدالرحمن المهباش للعقارات', 'phone': 0, 'iam_verified': True, 'rega_id': None, '__typename': 'ListingUser'}",,,الرياض,حي العمل,,,owner,1648868911,ElasticWebListing
7,126219,4481013,حي-طريق-الملك-فيصل-حي-المربع-الرياض-الرياض-4481013,شقة للبيع في حي ، طريق الملك فيصل ، حي المربع ، الرياض ، الرياض,600000,"شقة موقع ممتاز بجوار الجوازات وشارع الضباب 
للبيع 
ثلاث غرف وثلاث دورات مياه 
مواقف في القبو 
للتواصل مكتب الرماح","['001262199_1656516894869.jpg', '001262199_1656516779474.jpg', '001262197_1656516779516.jpg', '001262194_1656516779500.jpg', '001262198_1656516779504.jpg', '001262191_1656516779503.jpg', '001262191_1656516779508.jpg', '001262190_1656516779483.jpg', '001262198_1656952843187.jpg', '001262191_1656952843212.jpg', '001262198_1656952843188.jpg', '001262193_1656952843219.jpg', '001262194_1656952843195.jpg', '001262193_1656952843149.jpg', '001262192_1656952843220.jpg', '001262198_1656952843176.jpg']",1658673402,6,3,1,3,131,,30.0,25.0,1658673402,8,1,,0,"{'lat': 24.661322, 'lng': 46.703346, '__typename': 'Location'}",/شقق-للبيع/الرياض/وسط-الرياض/حي-المربع/حي-طريق-الملك-فيصل-حي-المربع-الرياض-الرياض-4481013,"{'review': 4.34, 'img': '500077876_1635790445513.jpg', 'name': 'مكتب الرماح للعقارات تسعدنا خدمتكم', 'phone': 0, 'iam_verified': True, 'rega_id': None, '__typename': 'ListingUser'}",,,الرياض,حي المربع,8.0,16.0,normal_marketer,1656517071,ElasticWebListing
8,259606,4479272,الرياض-حي-اليمامة-الرياض-4479272,شقة للبيع في الرياض ، حي اليمامة ، الرياض,260000,"شقة  للبيع بحي اليمامه 
شارع الحجاز خلف بنك الراجحي
صاله وغرفتين 
مطبخ
و ٢ دورة مياه","['002596062_1656481412574.jpg', '002596063_1656481412623.jpg', '002596065_1656481412653.jpg', '002596065_1656481412783.jpg', '002596066_1656481412763.jpg', '002596062_1656481412601.jpg', '002596065_1656481412668.jpg']",1659939914,6,2,1,2,99,,14.0,13.0,1659939914,2,1,,0,"{'lat': 24.601104, 'lng': 46.711683, '__typename': 'Location'}",/شقق-للبيع/الرياض/وسط-الرياض/حي-اليمامة/الرياض-حي-اليمامة-الرياض-4479272,"{'review': 4.5, 'img': None, 'name': 'فيصل', 'phone': 0, 'iam_verified': True, 'rega_id': None, '__typename': 'ListingUser'}",,,الرياض,حي اليمامة,10.0,10.0,owner,1656481175,ElasticWebListing
9,2116795,4342982,حي-شارع-الامام-عبدالله-بن-فيصل-بن-تركي-حي-المربع-الرياض-الرياض-4342982,شقة للبيع في حي ، شارع الامام عبدالله بن فيصل بن تركي ، حي المربع ، الرياض ، الرياض,850000,"شقة مميزة 
بحي المربع قريب من وزارة الداخلية امتداد شارع العليا 
مساحتها ١٥٨ م بالاضافة لتراس خارجي كبير ٦٠ م 
غرفتين نوم  احداها ماستر
صالتين 
مجلس 
مطبخ امريكي 
مكيفات راكبة عدد ٥
دور ثاني 
اصنصيرات 
عدد ٢ مواقف سيارات تحت الارض 
مدخلين 
اطلالة جميلة على اللولو هايبرماركت والبنك العربي","['021167953_1653300744198.jpg', '021167951_1653300744252.jpg', '021167957_1653300744202.jpg', '021167959_1653300744198.jpg', '021167958_1653300744231.jpg', '021167957_1653300744186.jpg', '021167954_1653300744246.jpg', '021167956_1653300744215.jpg']",1657551505,6,2,2,3,158,,36.0,10.0,1657551505,2,1,,1,"{'lat': 24.65863, 'lng': 46.705677, '__typename': 'Location'}",/شقق-للبيع/الرياض/وسط-الرياض/حي-المربع/حي-شارع-الامام-عبدالله-بن-فيصل-بن-تركي-حي-المربع-الرياض-الرياض-4342982,"{'review': 5, 'img': None, 'name': 'Fouz', 'phone': 0, 'iam_verified': True, 'rega_id': None, '__typename': 'ListingUser'}",,,الرياض,حي المربع,36.0,4.0,normal_marketer,1653301148,ElasticWebListing
10,2426504,4604062,طريق-الملك-فيصل-حي-المربع-الرياض-الرياض-4604062,شقة للبيع في طريق الملك فيصل ، حي المربع ، الرياض ، الرياض,1000000,"الشقة مكونة من 
- صالون بخدمات حمام و مغاسل و مكتب خاص و مدخل فاخر
- عدد ٣ غرف نوم منهم واحدة مستر 
- غرفة سفرة و انتريه و ليفنج 
- مطبخ امريكي مع مستودع خاص
- مستودع كبير باليدروم 
- باكية جراج
الارضيات للصالات و الممرات رخام كرترة و الغرف و المجلس موكيت
يوجد صك رسمي بالشقة
شامل المكيفات والاثاث كامل 
مساحة الشقة 210.37 م٢
الموقع جدا ممتاز 
السعر مليون 
الضريبة على المشتري","['024265048_1659871313763.jpg', '024265040_1659871313819.jpg', '024265041_1659871313765.jpg', '024265044_1659871313792.jpg', '024265044_1659871313793.jpg', '024265044_1659871313767.jpg', '024265044_1659871313756.jpg', '024265046_1659871313788.jpg', '024265047_1659871335737.jpg', '024265049_1659871335726.jpg', '024265047_1659871335728.jpg', '024265044_1659871335716.jpg', '024265047_1659871335901.jpg', '024265043_1659871335721.jpg', '024265042_1659871335915.jpg', '024265044_1659871335885.jpg', '024265044_1659871355596.jpg', '024265042_1659871355554.jpg', '024265045_1659871355720.jpg']",1659872659,6,3,0,3,210,,5.0,8.0,1659904530,1,1,,1,"{'lat': 24.661924, 'lng': 46.703022, '__typename': 'Location'}",/شقق-للبيع/الرياض/وسط-الرياض/حي-المربع/طريق-الملك-فيصل-حي-المربع-الرياض-الرياض-4604062,"{'review': None, 'img': None, 'name': 'Najat', 'phone': 0, 'iam_verified': True, 'rega_id': None, '__typename': 'ListingUser'}",,,الرياض,حي المربع,2.0,105.0,exclusive_marketer,1659872658,ElasticWebListing
11,1175694,4622115,طريق-الملك-عبدالعزيز-حي-الضباط-الرياض-الرياض-4622115,شقة للبيع في طريق الملك عبدالعزيز ، حي الضباط ، الرياض ، الرياض,550000,"تواصل وتساب 0502548188
ع السوم 
المويه تتقسم ع الملاك 
عداد كهرب خاص","['011756944_1660234576304.jpg', '011756948_1660234576329.jpg', '011756941_1660234576255.jpg', '011756944_1660234576282.jpg', '011756942_1660234576258.jpg', '011756947_1660234576413.jpg', '011756942_1660234576411.jpg', '011756946_1660234576452.jpg', '011756949_1660234576467.jpg']",1660291835,6,2,1,2,122,,20.0,15.0,1660292223,3,1,,0,"{'lat': 24.685407, 'lng': 46.718951, '__typename': 'Location'}",/شقق-للبيع/الرياض/وسط-الرياض/حي-الضباط/طريق-الملك-عبدالعزيز-حي-الضباط-الرياض-الرياض-4622115,"{'review': None, 'img': None, 'name': 'سليمان محمد ', 'phone': 0, 'iam_verified': True, 'rega_id': None, '__typename': 'ListingUser'}",,,الرياض,حي الضباط,13.0,9.0,exclusive_marketer,1660234751,ElasticWebListing
12,600577,4305420,شارع-ابي-البركات-الانصاري-حي-الضباط-الرياض-الرياض-4305420,شقة للبيع في شارع ابي البركات الانصاري ، حي الضباط ، الرياض ، الرياض,700000,"شقة للبيع او للإيجار بمجمع البدور 1 طريق الملك عبدالعزيز حي الملز المساحة: 100
تحتوي على دورين مدخلين لكل دور مدخل 3 دورات مياه ،3 غرف نوم وصالة ومجلس ومطبخ وسطح وغرفة خادمة وغرفة غسيل للتواصل على الرقم : 0561333446
السعر :700,000","['006005772_1652379219726.jpg', '006005773_1652379219706.jpg', '006005773_1652379219735.jpg', '006005770_1652379219725.jpg', '006005772_1652379219703.jpg', '006005774_1652379219696.jpg']",1659011827,6,3,1,3,100,,5.0,,1659011827,2,1,,1,"{'lat': 24.67992, 'lng': 46.720177, '__typename': 'Location'}",/شقق-للبيع/الرياض/وسط-الرياض/حي-الضباط/شارع-ابي-البركات-الانصاري-حي-الضباط-الرياض-الرياض-4305420,"{'review': 5, 'img': None, 'name': 'Thh', 'phone': 0, 'iam_verified': True, 'rega_id': None, '__typename': 'ListingUser'}",,,الرياض,حي الضباط,30.0,3.0,owner,1652379499,ElasticWebListing
13,2012477,4611780,حي-طريق-الملك-فهد-حي-المربع-الرياض-الرياض-4611780,شقة للبيع في حي ، طريق الملك فهد ، حي المربع ، الرياض ، الرياض,1200000,"للتنازل شقه في برج ميم ريزدنس ساوث تم دفع 230 الف ريال بنظام البيع على الخارطه والتسليم منتصف 2024 وتم انجاز 10% من البرج حسب حطه الشركه ، ويتكون البرج من 10 ادوار بواقع شقتين كل دور ، وتتميز الشقه كونها مطله على جهتين بالدور الخامس ، وتحتوي على غرفتين نوم وصاله ومطبخ و٣ دورات مياه وغرفه صغيره للخادمه ..
للتنازل دفع 300 الف تشمل قيمه الدفعه الاولى مع ربح 70 الف وتحمل باقي الدفعات المحدده بالصوره و اي مبالغ او رسوم للشركه مقابل التنازل ..
تبلغ قيمتها التاجيريه 95 الف كحد ادنى","['020124771_1660034691202.jpg', '020124778_1660034691199.jpg', '020124773_1660034691191.jpg', '020124772_1660034691209.jpg', '020124779_1660034691200.jpg', '020124773_1660034691207.jpg']",1660035656,6,2,1,3,101,,,,1660038318,10,1,,0,"{'lat': 24.653957, 'lng': 46.702541, '__typename': 'Location'}",/شقق-للبيع/الرياض/وسط-الرياض/حي-المربع/حي-طريق-الملك-فهد-حي-المربع-الرياض-الرياض-4611780,"{'review': None, 'img': None, 'name': 'عبدالاله شديد', 'phone': 0, 'iam_verified': True, 'rega_id': None, '__typename': 'ListingUser'}",,,الرياض,حي المربع,12.0,8.0,owner,1660035655,ElasticWebListing
14,832397,4522723,شارع-العناب-حي-المربع-الرياض-الرياض-4522723,شقة للبيع في شارع العناب ، حي المربع ، الرياض ، الرياض,800000,تابع,"['020772653_1657972196263.jpg', '020772652_1657972196378.jpg', '020772655_1657972196630.jpg', '020772658_1657972196833.jpg', '020772658_1657972197081.jpg', '020772651_1657972197324.jpg', '020772659_1657972197636.jpg', '020772655_1657972197776.jpg', '020772653_1657972198213.jpg', '020772657_1657972198463.jpg', '020772657_1657972198034.jpg']",1660161710,6,3,2,3,210,,20.0,9.0,1660161710,6,1,,1,"{'lat': 24.648158, 'lng': 46.712046, '__typename': 'Location'}",/شقق-للبيع/الرياض/وسط-الرياض/حي-المربع/شارع-العناب-حي-المربع-الرياض-الرياض-4522723,"{'review': 4.07, 'img': '561623719_1601637806919.jpg', 'name': 'مجموعة عقارية ', 'phone': 0, 'iam_verified': True, 'rega_id': None, '__typename': 'ListingUser'}",,,الرياض,حي المربع,110.0,2.0,normal_marketer,1657972677,ElasticWebListing
15,1405977,4395703,شارع-ابن-باديس-حي-الربوة-الرياض-الرياض-4395703,شقة للبيع في شارع ابن باديس ، حي الربوة ، الرياض ، الرياض,1000000,"شقه للبيع 
الدور الأرضي 
شقه رقم ٤ 
مساحه ١٤٠م 
واجهه شماليه 
شارع ٣٦م
تتكون من 
مجلس 
مقلط 
مطبخ نظام أمريكي 
مستودع 
غرفه غسيل 
٣ غرف نوم منها ١ ماستر 
السعر 1000،000","['020854295_1654585664949.jpg', '020854294_1654585664923.jpg', '020854292_1654585664956.jpg', '020854292_1654585664846.jpg', '020854293_1654585664932.jpg', '020854297_1654585664978.jpg', '020854299_1654585664909.jpg', '020854291_1654585664840.jpg']",1655365662,6,3,2,3,140,,36.0,0.0,1655365662,1,1,,0,"{'lat': 24.699314, 'lng': 46.764225, '__typename': 'Location'}",/شقق-للبيع/الرياض/وسط-الرياض/حي-الربوة/شارع-ابن-باديس-حي-الربوة-الرياض-الرياض-4395703,"{'review': 4.39, 'img': '504578696_1645717949825.jpg', 'name': 'نجمة التميز العقارية', 'phone': 0, 'iam_verified': True, 'rega_id': None, '__typename': 'ListingUser'}",,,الرياض,حي الربوة,5.0,28.0,normal_marketer,1654585830,ElasticWebListing
16,460887,4496487,حي-شارع-فاطمة-الزهراء-حي-جرير-الرياض-الرياض-4496487,شقة للبيع في حي ، شارع فاطمة الزهراء ، حي جرير ، الرياض ، الرياض,576660,"شقق تمليك للبيع بحي الملز جرير -
المساحات تبدا من 82م حتى 200م 
الاسعار تبدا من 576,660ريال حتى 1,178,688ريال 
——————————————————————-
تفاصيل الشقق:
3غرف وصاله ومطبخ و2حمام تكييف اسبلت راكب
2غرف وصاله ومطبخ و2حمام تكييف راكب اسلبت 
يوجد موقف خاص لكل شقه بدروم لسيارات  يوجد كاميرات لكامل المبنى 
يوجد غاز مركزي لكل الشقق 
للتواصل 0560302072
للتواصل 0553223308
للتواصل 0510124808
للتواصل 0500775780","['004608874_1656947084812.jpg', '004608872_1656947084821.jpg', '004608873_1656947084802.jpg', '004608879_1656947084833.jpg', '004608875_1656947084812.jpg', '004608872_1656947084811.jpg', '004608870_1656947110267.jpg', '004608876_1656947110306.jpg', '004608873_1656947110287.jpg', '004608879_1656947110285.jpg', '004608876_1656947110340.jpg', '004608876_1656947110288.jpg', '004608872_1656947163963.jpg', '004608870_1656947163953.jpg', '004608873_1656947163955.jpg', '004608874_1656947163908.jpg', '004608873_1656947163910.jpg', '004608873_1656947163949.jpg', '004608870_1656947163962.jpg', '004608872_1656947196434.jpg', '004608872_1656947196442.jpg', '004608876_1656947196469.jpg', '004608874_1656947196453.jpg', '004608875_1656947196506.jpg', '004608877_1656947267378.jpg', '004608876_1656947267381.jpg', '004608878_1656947391903.jpg', '004608874_1656947391910.jpg', '004608875_1656947463641.jpg', '004608875_1656947477839.jpg']",1660095573,6,3,1,2,82,,30.0,0.0,1660095573,5,1,,0,"{'lat': 24.67042, 'lng': 46.750538, '__typename': 'Location'}",/شقق-للبيع/الرياض/وسط-الرياض/حي-جرير/حي-شارع-فاطمة-الزهراء-حي-جرير-الرياض-الرياض-4496487,"{'review': 4.37, 'img': '553223308_1546266750991.jpg', 'name': 'مكتب املاك العارض للعقارات', 'phone': 0, 'iam_verified': True, 'rega_id': '0560302072', '__typename': 'ListingUser'}",,,الرياض,حي جرير,9.0,9.0,exclusive_marketer,1656949794,ElasticWebListing
17,11390,4541556,شارع-الملك-فيصل-حي-المربع-الرياض-الرياض-4541556,شقة للبيع في شارع الملك فيصل ، حي المربع ، الرياض ، الرياض,600000,"*شقة للبيع بحي المربع طريق الملك فيصل*
====================
*المساحة/ 131 متر مربع*

*العمر 15 سنة*

التفاصيل:- 
*عدد غرفتين نوم + صالة + مجلس مستقل مدخل خاص + مطبخ + ثلاث دورات مياه + قبو مواقف سيارات للعمارة ومستودع خاص في القبو خاص بالشقة*

*السوم 570 الف* 
*الحد 600 الف*
=================
Dropped pin
 للتواصل 0554489999
https://goo.gl/maps/Y4MS2uXuLQEZtrvf6","['000113903_1658394083496.jpg', '000113903_1658394101534.jpg', '000113903_1658394111894.jpg']",1659856884,6,3,1,2,131,,4.0,15.0,1659856884,4,1,,0,"{'lat': 24.661541, 'lng': 46.703388, '__typename': 'Location'}",/شقق-للبيع/الرياض/وسط-الرياض/حي-المربع/شارع-الملك-فيصل-حي-المربع-الرياض-الرياض-4541556,"{'review': 4.36, 'img': '554489999_1569936428653.jpg', 'name': 'مكتب ناصر عبدالرحمن الذييب للعقارات', 'phone': 0, 'iam_verified': True, 'rega_id': None, '__typename': 'ListingUser'}",,,الرياض,حي المربع,10.0,13.0,exclusive_marketer,1658394206,ElasticWebListing
18,1405977,4395975,حي-الربوة-الرياض-الرياض-4395975,شقة للبيع في حي الربوة ، الرياض ، الرياض,1100000,"شقه للبيع الدور الأرضي
شقه رقم ٤
مساحه ٢٤٠م
سارع ٣٦م
واجهه شماله
تتكون من
مجلس
مقلط
مطبخ
نظام أمريكي
مستودع  غرفه غسيل
السعر ١١٠٠٠٠٠
حي الربوه","['009635087_1654591190876.jpg', '009635088_1654591198346.jpg', '009635086_1654591211079.jpg', '009635082_1654591218288.jpg', '009635080_1654591226272.jpg', '009635088_1654591234727.jpg', '009635088_1654591243997.jpg', '009635080_1654591248694.jpg', '009635083_1654591253533.jpg', '009635084_1654591258835.jpg', '009635089_1654591264260.jpg', '009635089_1654591269714.jpg', '009635086_1654591279030.jpg', '009635084_1654591284906.jpg']",1654592017,6,3,1,3,140,,36.0,0.0,1654592016,1,1,,0,"{'lat': 24.699298, 'lng': 46.764218, '__typename': 'Location'}",/شقق-للبيع/الرياض/وسط-الرياض/حي-الربوة/حي-الربوة-الرياض-الرياض-4395975,"{'review': 4.39, 'img': '504578696_1645717949825.jpg', 'name': 'نجمة التميز العقارية', 'phone': 0, 'iam_verified': True, 'rega_id': None, '__typename': 'ListingUser'}",,,الرياض,حي الربوة,10.0,14.0,owner,1654592016,ElasticWebListing
19,928675,4337425,شارع-طارق-بن-زياد-الصالحية-الرياض-الرياض-4337425,شقة للبيع في شارع طارق بن زياد ، الصالحية ، الرياض ، الرياض,700000,عرض رقم 206 عمارة حي المرقب مساحة 137م 3 شقق ومحل تفتح شمال شارع 8 وغربا شارع 10 سوم 500 الف حد 700 الف قابل للتفاوض,['009286756_1653157427765.jpg'],1659460091,6,3,1,2,137,,,30.0,1659460091,1,0,,0,"{'lat': 24.639235, 'lng': 46.73589, '__typename': 'Location'}",/شقق-للبيع/الرياض/وسط-الرياض/حي-الصالحية/شارع-طارق-بن-زياد-الصالحية-الرياض-الرياض-4337425,"{'review': 4.37, 'img': '509679578_1597848607618.jpg', 'name': 'مكتب عبدالله بن ابراهيم الفجحان', 'phone': 0, 'iam_verified': None, 'rega_id': None, '__typename': 'ListingUser'}",,,الرياض,حي الصالحية,,,,1653158695,ElasticWebListing
20,309605,4585386,شارع-أبي-ذر-الغفاري-حي-الربوة-الرياض-الرياض-4585386,شقة للبيع في شارع أبي ذر الغفاري ، حي الربوة ، الرياض ، الرياض,450000,"للبيع.   شقه. تمليك.    مكونه.  من.  ثلاث. غرف.  و.  صاله.   يوجد موقف سياره.   و. مصعد.  و. موقع. ممتاز.   بجوار. مجمع. مدارس. و. مسجد قريب.   و. مؤجر ه

   البيع.    ٤٥٠  الف
للاسفسار جوال. 0503202608",,1659905657,6,3,1,2,107,,30.0,10.0,1659905657,1,1,,0,"{'lat': 24.681517, 'lng': 46.759403, '__typename': 'Location'}",/شقق-للبيع/الرياض/وسط-الرياض/حي-الربوة/شارع-أبي-ذر-الغفاري-حي-الربوة-الرياض-الرياض-4585386,"{'review': 4.5, 'img': None, 'name': '0505235386', 'phone': 0, 'iam_verified': True, 'rega_id': None, '__typename': 'ListingUser'}",,,الرياض,حي الربوة,10.0,10.0,agent,1659440583,ElasticWebListing
21,2404043,4401538,شارع-أم-رومان-حي-الضباط-الرياض-الرياض-4401538,شقة للبيع في شارع أم رومان ، حي الضباط ، الرياض ، الرياض,700000,"شقه للبيــــــــع بمجمع البدور حي الملز
المساحه ١٠٠م 
الشارع ١٥م شرقي 
تحتوي على دورين 
٣غرف 
٣ دوارات مياه 
١ صالة 
١ مطبخ 
مجلس 
وسطح 
غرفه خادمه 
غرفه غسيل 
ملحوظة الموقع غير دقيق 
للتواصل 0561684701",,1660293306,6,3,1,3,100,,15.0,,1660293306,2,1,,0,"{'lat': 24.681961, 'lng': 46.718979, '__typename': 'Location'}",/شقق-للبيع/الرياض/وسط-الرياض/حي-الضباط/شارع-أم-رومان-حي-الضباط-الرياض-الرياض-4401538,"{'review': 4.41, 'img': None, 'name': 'مكتب عقار', 'phone': 0, 'iam_verified': True, 'rega_id': '4445868', '__typename': 'ListingUser'}",,,الرياض,حي الضباط,10.0,10.0,normal_marketer,1654701466,ElasticWebListing
